{
  "size": 1000,
  "averageTime": 2088.1304379999992,
  "times": [
    2058.8788999999997,
    2091.3705,
    2083.5845,
    2173.6434,
    2064.431199999999,
    2047.5771000000004,
    2090.0334000000003,
    2061.9985000000015,
    2024.750899999999,
    2193.2690000000002,
    2113.6144999999997,
    2130.9371999999967,
    2304.4117000000006,
    2053.2761000000028,
    1995.3007000000034,
    2090.9288000000015,
    2073.0216,
    2030.7810000000027,
    2096.7007999999987,
    2013.3180999999968,
    2023.5691000000006,
    2182.2805000000008,
    2261.0304000000033,
    1998.0270999999993,
    2088.7805999999982,
    2084.5080000000016,
    2069.085500000001,
    2109.5525999999954,
    2046.7675000000017,
    1998.3172999999952,
    2096.3768999999957,
    2012.438399999999,
    1960.1293000000005,
    2134.8134999999893,
    2277.3499999999913,
    2028.3213000000105,
    2012.1187999999966,
    2110.755799999999,
    2069.8512000000046,
    1995.1725000000006,
    2082.776399999988,
    2258.390599999999,
    2127.341499999995,
    1972.3920999999973,
    2097.435400000002,
    2258.1034999999974,
    1992.402900000001,
    2078.9728999999934,
    2078.8024000000005,
    2108.8300000000017
  ]
}
