{
  "size": 100,
  "averageTime": 40.63669000000001,
  "times": [
    43.9111,
    37.69800000000001,
    39.412499999999994,
    41.236699999999985,
    40.36859999999999,
    37.976200000000006,
    64.03400000000005,
    58.90219999999999,
    36.23829999999998,
    38.33639999999997,
    39.89179999999999,
    36.660799999999995,
    37.95360000000005,
    36.072599999999966,
    37.69959999999992,
    36.34890000000007,
    35.66159999999991,
    35.324299999999994,
    39.278999999999996,
    38.942499999999995,
    40.83489999999995,
    37.37189999999998,
    38.0009,
    39.9149000000001,
    38.589300000000094,
    43.086300000000165,
    41.18679999999995,
    42.40519999999992,
    41.0963999999999,
    42.71330000000012,
    47.58159999999998,
    41.44920000000002,
    39.44800000000009,
    38.92419999999993,
    40.73949999999991,
    39.35120000000006,
    37.01800000000003,
    45.819299999999885,
    41.958500000000186,
    37.65169999999989,
    39.62010000000009,
    39.44410000000016,
    43.28110000000015,
    37.46100000000001,
    37.986199999999826,
    40.0639000000001,
    38.0136,
    41.16619999999989,
    47.54250000000002,
    40.16600000000017
  ]
}
