{
  "size": 10,
  "averageTime": 20.229885999999997,
  "times": [
    25.237299999999998,
    19.498900000000006,
    22.149599999999992,
    17.619,
    19.89519999999999,
    18.974199999999996,
    19.130499999999984,
    20.076899999999995,
    17.60499999999999,
    21.764400000000023,
    21.60310000000004,
    17.57439999999997,
    20.07280000000003,
    16.58359999999999,
    20.496899999999982,
    18.382600000000025,
    21.15500000000003,
    19.826900000000023,
    20.786299999999983,
    22.006899999999973,
    17.80970000000002,
    20.065800000000024,
    16.931600000000003,
    19.57179999999994,
    20.852999999999952,
    26.063300000000027,
    21.811699999999973,
    23.281000000000063,
    18.54219999999998,
    19.170399999999972,
    22.42960000000005,
    19.20900000000006,
    20.796999999999912,
    17.450199999999995,
    18.12710000000004,
    22.192999999999984,
    19.47759999999994,
    17.843899999999962,
    23.24420000000009,
    21.23899999999992,
    20.84699999999998,
    19.174099999999953,
    23.210800000000063,
    17.63250000000005,
    22.957499999999982,
    19.38149999999996,
    21.59439999999995,
    19.619199999999864,
    22.128000000000156,
    18.398699999999963
  ]
}
